{"cameraMode":{"drawMode":0,"name":"Shaded","section":"Shading Mode"},"sceneLighting":true,"audioPlay":false,"sceneViewState":{"showFog":true,"showMaterialUpdate":false,"showSkybox":false,"showFlares":true,"showImageEffects":true,"showParticleSystems":true},"in2DMode":false,"pivot":{"x":0.5649998188018799,"y":-7.5,"z":1.5345001220703126},"rotation":{"x":0.16015753149986268,"y":-0.37829557061195376,"z":0.06657344102859497,"w":0.9093922972679138},"size":13.823151588439942,"orthographic":false}