{"cameraMode":{"drawMode":0,"name":"Shaded","section":"Shading Mode"},"sceneLighting":true,"audioPlay":false,"sceneViewState":{"showFog":true,"showMaterialUpdate":false,"showSkybox":false,"showFlares":true,"showImageEffects":true,"showParticleSystems":true},"in2DMode":false,"pivot":{"x":0.6999998092651367,"y":-7.5,"z":1.6000001430511475},"rotation":{"x":0.10663807392120362,"y":-0.7013468146324158,"z":0.107244573533535,"w":0.6967105865478516},"size":13.720422744750977,"orthographic":false}