{"cameraMode":{"drawMode":0,"name":"Shaded","section":"Shading Mode"},"sceneLighting":false,"audioPlay":false,"sceneViewState":{"showFog":true,"showMaterialUpdate":false,"showSkybox":false,"showFlares":true,"showImageEffects":true,"showParticleSystems":true},"in2DMode":false,"pivot":{"x":-1.0336055755615235,"y":22.165332794189454,"z":-49.598663330078128},"rotation":{"x":-0.03420591726899147,"y":0.9641961455345154,"z":-0.21457956731319428,"w":-0.15319105982780457},"size":22.840726852416993,"orthographic":false}