{"cameraMode":{"drawMode":0,"name":"Shaded","section":"Shading Mode"},"sceneLighting":true,"audioPlay":false,"sceneViewState":{"showFog":true,"showMaterialUpdate":false,"showSkybox":true,"showFlares":true,"showImageEffects":true,"showParticleSystems":true},"in2DMode":false,"pivot":{"x":-2.7888431549072267,"y":-2.980009078979492,"z":22.864704132080079},"rotation":{"x":0.20551826059818269,"y":0.3436770737171173,"z":-0.07735846191644669,"w":0.9130597114562988},"size":19.776670455932618,"orthographic":false}