{"cameraMode":{"drawMode":0,"name":"Shaded","section":"Shading Mode"},"sceneLighting":false,"audioPlay":false,"sceneViewState":{"showFog":true,"showMaterialUpdate":false,"showSkybox":false,"showFlares":true,"showImageEffects":true,"showParticleSystems":true},"in2DMode":false,"pivot":{"x":-6.850000381469727,"y":0.6202355027198792,"z":-2.1600000858306886},"rotation":{"x":-0.05862145125865936,"y":0.9393063187599182,"z":-0.20462889969348908,"w":-0.2690851092338562},"size":1.4820942878723145,"orthographic":false}