{"cameraMode":{"drawMode":0,"name":"Shaded","section":"Shading Mode"},"sceneLighting":false,"audioPlay":false,"sceneViewState":{"showFog":true,"showMaterialUpdate":false,"showSkybox":false,"showFlares":true,"showImageEffects":true,"showParticleSystems":true},"in2DMode":false,"pivot":{"x":-5.200000286102295,"y":0.4000000059604645,"z":-2.200000047683716},"rotation":{"x":0.16072914004325868,"y":-0.7916612029075623,"z":0.23596534132957459,"w":0.5403709411621094},"size":0.6538144946098328,"orthographic":false}